{"last_node_id":71,"last_link_id":102,"nodes":[{"id":21,"type":"PreviewImage","pos":[-280,-100],"size":[230,250],"flags":{},"order":17,"mode":0,"inputs":[{"name":"images","type":"IMAGE","link":19}],"outputs":[],"properties":{"Node name for S&R":"PreviewImage"},"widgets_values":[],"shape":1},{"id":22,"type":"VAELoader","pos":[1130,330],"size":[300,60],"flags":{},"order":0,"mode":0,"inputs":[],"outputs":[{"name":"VAE","type":"VAE","links":[17],"slot_index":0,"shape":3}],"properties":{"Node name for S&R":"VAELoader"},"widgets_values":["ae.sft"],"color":"#934b4b","bgcolor":"#7f3737","shape":1},{"id":23,"type":"DualCLIPLoader","pos":[1130,180],"size":[300,110],"flags":{},"order":1,"mode":0,"inputs":[],"outputs":[{"name":"CLIP","type":"CLIP","links":[16,36,37],"slot_index":0,"shape":3}],"properties":{"Node name for S&R":"DualCLIPLoader"},"widgets_values":["t5xxl_fp8_e4m3fn_scaled.safetensors","clip_l.safetensors","flux"],"color":"#937e14","bgcolor":"#7f6a00","shape":1},{"id":24,"type":"UNETLoader","pos":[1130,60],"size":[300,80],"flags":{},"order":2,"mode":0,"inputs":[],"outputs":[{"name":"MODEL","type":"MODEL","links":[15],"slot_index":0,"shape":3}],"properties":{"Node name for S&R":"UNETLoader"},"widgets_values":["flux1-dev.safetensors","fp8_e5m2"],"color":"#6d6281","bgcolor":"#594e6d","shape":1},{"id":25,"type":"Power Lora Loader (rgthree)","pos":[1450,60],"size":[330,290],"flags":{},"order":11,"mode":0,"inputs":[{"name":"model","type":"MODEL","link":15,"dir":3},{"name":"clip","type":"CLIP","link":16,"dir":3}],"outputs":[{"name":"MODEL","type":"MODEL","links":[14],"slot_index":0,"shape":3,"dir":4},{"name":"CLIP","type":"CLIP","links":[18],"slot_index":1,"shape":3,"dir":4}],"properties":{"Show Strengths":"Single Strength"},"widgets_values":[null,{"type":"PowerLoraLoaderHeaderWidget"},{"on":true,"lora":"FLUX\\FLUX.1-Turbo-Alpha.safetensors","strength":1,"strengthTwo":null},{"on":false,"lora":"FLUX\\Gen-X_Soft_Club.safetensors","strength":0.23,"strengthTwo":null},{"on":false,"lora":"FLUX\\MoebiusFlux_v1.safetensors","strength":0.36,"strengthTwo":null},{"on":false,"lora":"FLUX\\Defluxion v1.safetensors","strength":0.29999999999999993,"strengthTwo":null},{"on":false,"lora":"FLUX\\Epic-detail_v2.safetensors","strength":0.21000854492187504,"strengthTwo":null},{"on":false,"lora":"FLUX\\ral-frctlgmtry_flux.safetensors","strength":0.27,"strengthTwo":null},{"on":false,"lora":"FLUX\\UltraRealPhoto.safetensors","strength":0.6599975585937496,"strengthTwo":null},null,""],"shape":1},{"id":26,"type":"Bus Node","pos":[1800,60],"size":[140,130],"flags":{"collapsed":false},"order":24,"mode":0,"inputs":[{"name":"bus","type":"BUS","link":null,"shape":7},{"name":"model","type":"MODEL","link":14,"shape":7},{"name":"clip","type":"CLIP","link":18,"shape":7},{"name":"vae","type":"VAE","link":17,"shape":7},{"name":"positive","type":"CONDITIONING","link":65,"shape":7},{"name":"negative","type":"CONDITIONING","link":40,"shape":7}],"outputs":[{"name":"bus","type":"BUS","links":[41],"slot_index":0},{"name":"model","type":"MODEL","links":[],"slot_index":1},{"name":"clip","type":"CLIP","links":[],"slot_index":2},{"name":"vae","type":"VAE","links":null},{"name":"positive","type":"CONDITIONING","links":null},{"name":"negative","type":"CONDITIONING","links":null}],"properties":{"Node name for S&R":"Bus Node"},"widgets_values":[],"color":"#222","bgcolor":"#000","shape":1},{"id":30,"type":"PreviewImage","pos":[840,-260],"size":[210,230],"flags":{},"order":25,"mode":2,"inputs":[{"name":"images","type":"IMAGE","link":20}],"outputs":[],"title":"depth","properties":{"Node name for S&R":"PreviewImage"},"widgets_values":[],"shape":1},{"id":31,"type":"DepthAnythingV2Preprocessor","pos":[840,-390],"size":[210,80],"flags":{},"order":18,"mode":2,"inputs":[{"name":"image","type":"IMAGE","link":32}],"outputs":[{"name":"IMAGE","type":"IMAGE","links":[20],"slot_index":0}],"title":"Depth aV2 - Relative","properties":{"Node name for S&R":"DepthAnythingV2Preprocessor"},"widgets_values":["depth_anything_v2_vitl.pth",1024],"shape":1},{"id":37,"type":"HEDPreprocessor","pos":[610,-390],"size":[210,80],"flags":{},"order":19,"mode":2,"inputs":[{"name":"image","type":"IMAGE","link":33}],"outputs":[{"name":"IMAGE","type":"IMAGE","links":[31],"slot_index":0}],"properties":{"Node name for S&R":"HEDPreprocessor"},"widgets_values":["enable",1024],"shape":1},{"id":38,"type":"PreviewImage","pos":[610,-260],"size":[210,230],"flags":{},"order":26,"mode":2,"inputs":[{"name":"images","type":"IMAGE","link":31}],"outputs":[],"title":"lines","properties":{"Node name for S&R":"PreviewImage"},"widgets_values":[],"shape":1},{"id":39,"type":"CLIPTextEncode","pos":[1460,460],"size":[210,60],"flags":{"collapsed":true},"order":12,"mode":0,"inputs":[{"name":"clip","type":"CLIP","link":36},{"name":"text","type":"STRING","link":64,"slot_index":1,"widget":{"name":"text"}}],"outputs":[{"name":"CONDITIONING","type":"CONDITIONING","links":[65],"slot_index":0}],"title":"TE","properties":{"Node name for S&R":"CLIPTextEncode"},"widgets_values":[""],"color":"#232","bgcolor":"#353","shape":1},{"id":40,"type":"String Literal","pos":[1130,430],"size":[300,130],"flags":{},"order":3,"mode":0,"inputs":[],"outputs":[{"name":"STRING","type":"STRING","links":[64],"slot_index":0,"shape":3}],"title":"Positive","properties":{"Node name for S&R":"String Literal"},"widgets_values":["a man in glass, we see all the veins, internal organs and skeleton transparently.\nfull of colour, cinematic lighting, 4k, hyperrealistic, focused, extreme details, unreal engine 5, cinematic, masterpiece. houdini fx.\n\n"],"color":"#232","bgcolor":"#353","shape":1},{"id":41,"type":"String Literal","pos":[1130,600],"size":[300,90],"flags":{"collapsed":false},"order":4,"mode":0,"inputs":[],"outputs":[{"name":"STRING","type":"STRING","links":[34],"slot_index":0,"shape":3}],"title":"Negative","properties":{"Node name for S&R":"String Literal"},"widgets_values":[""],"color":"#322","bgcolor":"#533","shape":1},{"id":42,"type":"CLIPTextEncode","pos":[1460,490],"size":[210,60],"flags":{"collapsed":true},"order":13,"mode":0,"inputs":[{"name":"clip","type":"CLIP","link":37},{"name":"text","type":"STRING","link":34,"widget":{"name":"text"}}],"outputs":[{"name":"CONDITIONING","type":"CONDITIONING","links":[40],"slot_index":0}],"title":"TE","properties":{"Node name for S&R":"CLIPTextEncode"},"widgets_values":[""],"color":"#322","bgcolor":"#533","shape":1},{"id":44,"type":"Bus Node","pos":[30,1050],"size":[140,130],"flags":{"collapsed":false},"order":27,"mode":0,"inputs":[{"name":"bus","type":"BUS","link":41,"shape":7},{"name":"model","type":"MODEL","link":null,"shape":7},{"name":"clip","type":"CLIP","link":null,"shape":7},{"name":"vae","type":"VAE","link":null,"shape":7},{"name":"positive","type":"CONDITIONING","link":null,"shape":7},{"name":"negative","type":"CONDITIONING","link":null,"shape":7}],"outputs":[{"name":"bus","type":"BUS","links":[46],"slot_index":0},{"name":"model","type":"MODEL","links":[],"slot_index":1},{"name":"clip","type":"CLIP","links":[],"slot_index":2},{"name":"vae","type":"VAE","links":[87,88],"slot_index":3},{"name":"positive","type":"CONDITIONING","links":[73],"slot_index":4},{"name":"negative","type":"CONDITIONING","links":[74],"slot_index":5}],"properties":{"Node name for S&R":"Bus Node"},"widgets_values":[],"color":"#222","bgcolor":"#000","shape":1},{"id":45,"type":"Bus Node","pos":[750,1050],"size":[140,130],"flags":{"collapsed":false},"order":30,"mode":0,"inputs":[{"name":"bus","type":"BUS","link":46,"shape":7},{"name":"model","type":"MODEL","link":null,"shape":7},{"name":"clip","type":"CLIP","link":null,"shape":7},{"name":"vae","type":"VAE","link":null,"shape":7},{"name":"positive","type":"CONDITIONING","link":75,"shape":7},{"name":"negative","type":"CONDITIONING","link":76,"shape":7}],"outputs":[{"name":"bus","type":"BUS","links":[],"slot_index":0},{"name":"model","type":"MODEL","links":[57,61,62],"slot_index":1},{"name":"clip","type":"CLIP","links":[],"slot_index":2},{"name":"vae","type":"VAE","links":[54],"slot_index":3},{"name":"positive","type":"CONDITIONING","links":[55],"slot_index":4},{"name":"negative","type":"CONDITIONING","links":[56,63],"slot_index":5}],"properties":{"Node name for S&R":"Bus Node"},"widgets_values":[],"color":"#222","bgcolor":"#000","shape":1},{"id":46,"type":"VAEDecode","pos":[1198.3326416015625,1443.7633056640625],"size":[390,50],"flags":{},"order":35,"mode":0,"inputs":[{"name":"samples","type":"LATENT","link":47},{"name":"vae","type":"VAE","link":54}],"outputs":[{"name":"IMAGE","type":"IMAGE","links":[53],"slot_index":0}],"properties":{"Node name for S&R":"VAEDecode"},"widgets_values":[],"shape":1},{"id":47,"type":"SamplerCustomAdvanced","pos":[1198.3326416015625,883.763916015625],"size":[390,500],"flags":{},"order":34,"mode":0,"inputs":[{"name":"noise","type":"NOISE","link":59,"slot_index":0},{"name":"guider","type":"GUIDER","link":58,"slot_index":1},{"name":"sampler","type":"SAMPLER","link":49,"slot_index":2},{"name":"sigmas","type":"SIGMAS","link":50,"slot_index":3},{"name":"latent_image","type":"LATENT","link":60,"slot_index":4}],"outputs":[{"name":"output","type":"LATENT","links":[47],"slot_index":0,"shape":3},{"name":"denoised_output","type":"LATENT","links":null,"shape":3}],"properties":{"Node name for S&R":"SamplerCustomAdvanced"},"widgets_values":[],"shape":1},{"id":48,"type":"KSamplerSelect","pos":[978.333251953125,1073.7633056640625],"size":[210,60],"flags":{},"order":5,"mode":0,"inputs":[],"outputs":[{"name":"SAMPLER","type":"SAMPLER","links":[49],"shape":3}],"properties":{"Node name for S&R":"KSamplerSelect"},"widgets_values":["euler"],"shape":1},{"id":49,"type":"BasicScheduler","pos":[978.333251953125,1183.7633056640625],"size":[210,130],"flags":{},"order":32,"mode":0,"inputs":[{"name":"model","type":"MODEL","link":62,"slot_index":0}],"outputs":[{"name":"SIGMAS","type":"SIGMAS","links":[50],"shape":3}],"properties":{"Node name for S&R":"BasicScheduler"},"widgets_values":["beta",8,1],"shape":1},{"id":51,"type":"ModelSamplingFlux","pos":[978.333251953125,1363.7633056640625],"size":[210,130],"flags":{},"order":31,"mode":0,"inputs":[{"name":"model","type":"MODEL","link":61},{"name":"width","type":"INT","link":101,"widget":{"name":"width"}},{"name":"height","type":"INT","link":102,"widget":{"name":"height"}}],"outputs":[{"name":"MODEL","type":"MODEL","links":[],"slot_index":0,"shape":3}],"properties":{"Node name for S&R":"ModelSamplingFlux"},"widgets_values":[1.15,0.5,512,512],"shape":1},{"id":52,"type":"PreviewImage","pos":[570,170],"size":[530,550],"flags":{},"order":36,"mode":0,"inputs":[{"name":"images","type":"IMAGE","link":53}],"outputs":[],"title":"Flux turbo","properties":{"Node name for S&R":"PreviewImage"},"widgets_values":[],"shape":1},{"id":53,"type":"PerpNegGuider","pos":[978.333251953125,883.763916015625],"size":[210,140],"flags":{},"order":33,"mode":0,"inputs":[{"name":"model","type":"MODEL","link":57},{"name":"positive","type":"CONDITIONING","link":55},{"name":"negative","type":"CONDITIONING","link":56},{"name":"empty_conditioning","type":"CONDITIONING","link":63}],"outputs":[{"name":"GUIDER","type":"GUIDER","links":[58],"slot_index":0}],"properties":{"Node name for S&R":"PerpNegGuider"},"widgets_values":[3.5,1],"shape":1},{"id":54,"type":"RandomNoise","pos":[240,770],"size":[280,80],"flags":{},"order":6,"mode":0,"inputs":[],"outputs":[{"name":"NOISE","type":"NOISE","links":[59]}],"properties":{"Node name for S&R":"RandomNoise"},"widgets_values":[448939618887118,"randomize"],"color":"#223","bgcolor":"#335","shape":1},{"id":55,"type":"EmptyLatentImage","pos":[20,770],"size":[210,80],"flags":{},"order":16,"mode":0,"inputs":[{"name":"width","type":"INT","link":93,"widget":{"name":"width"}},{"name":"height","type":"INT","link":94,"widget":{"name":"height"}}],"outputs":[{"name":"LATENT","type":"LATENT","links":[60],"slot_index":0}],"properties":{"Node name for S&R":"EmptyLatentImage"},"widgets_values":[1024,1024,1],"color":"#323","bgcolor":"#535","shape":1},{"id":61,"type":"PreviewImage","pos":[-280,500],"size":[230,250],"flags":{},"order":20,"mode":0,"inputs":[{"name":"images","type":"IMAGE","link":69}],"outputs":[],"properties":{"Node name for S&R":"PreviewImage"},"widgets_values":[],"shape":1},{"id":62,"type":"PreviewImage","pos":[-280,200],"size":[230,250],"flags":{},"order":22,"mode":0,"inputs":[{"name":"images","type":"IMAGE","link":70}],"outputs":[],"properties":{"Node name for S&R":"PreviewImage"},"widgets_values":[],"shape":1},{"id":63,"type":"ControlNetApplyAdvanced","pos":[211.0105743408203,1135.2432861328125],"size":[210,190],"flags":{},"order":28,"mode":0,"inputs":[{"name":"positive","type":"CONDITIONING","link":73},{"name":"negative","type":"CONDITIONING","link":74},{"name":"control_net","type":"CONTROL_NET","link":82},{"name":"image","type":"IMAGE","link":91},{"name":"vae","type":"VAE","link":87,"shape":7}],"outputs":[{"name":"positive","type":"CONDITIONING","links":[71],"slot_index":0},{"name":"negative","type":"CONDITIONING","links":[72],"slot_index":1}],"properties":{"Node name for S&R":"ControlNetApplyAdvanced"},"widgets_values":[1,0,0.25],"color":"#233","bgcolor":"#355","shape":1},{"id":64,"type":"ControlNetApplyAdvanced","pos":[441.01031494140625,1135.2432861328125],"size":[210,190],"flags":{},"order":29,"mode":0,"inputs":[{"name":"positive","type":"CONDITIONING","link":71},{"name":"negative","type":"CONDITIONING","link":72},{"name":"control_net","type":"CONTROL_NET","link":84},{"name":"image","type":"IMAGE","link":92},{"name":"vae","type":"VAE","link":88,"shape":7}],"outputs":[{"name":"positive","type":"CONDITIONING","links":[75],"slot_index":0},{"name":"negative","type":"CONDITIONING","links":[76],"slot_index":1}],"properties":{"Node name for S&R":"ControlNetApplyAdvanced"},"widgets_values":[0.1,0,0.107],"color":"#233","bgcolor":"#355","shape":1},{"id":65,"type":"ControlNetLoader","pos":[211.0105743408203,935.2431030273438],"size":[440,60],"flags":{},"order":7,"mode":0,"inputs":[],"outputs":[{"name":"CONTROL_NET","type":"CONTROL_NET","links":[81,83],"slot_index":0}],"properties":{"Node name for S&R":"ControlNetLoader"},"widgets_values":["FLUX.1-dev-ControlNet-Union-Pro.safetensors"],"color":"#233","bgcolor":"#355","shape":1},{"id":66,"type":"SetUnionControlNetType","pos":[211.0105743408203,1035.2432861328125],"size":[210,60],"flags":{"collapsed":false},"order":14,"mode":0,"inputs":[{"name":"control_net","type":"CONTROL_NET","link":81}],"outputs":[{"name":"CONTROL_NET","type":"CONTROL_NET","links":[82],"slot_index":0}],"properties":{"Node name for S&R":"SetUnionControlNetType"},"widgets_values":["depth"],"color":"#233","bgcolor":"#355","shape":1},{"id":67,"type":"SetUnionControlNetType","pos":[441.01031494140625,1035.2432861328125],"size":[210,60],"flags":{"collapsed":false},"order":15,"mode":0,"inputs":[{"name":"control_net","type":"CONTROL_NET","link":83}],"outputs":[{"name":"CONTROL_NET","type":"CONTROL_NET","links":[84],"slot_index":0}],"properties":{"Node name for S&R":"SetUnionControlNetType"},"widgets_values":["canny/lineart/anime_lineart/mlsd"],"color":"#233","bgcolor":"#355","shape":1},{"id":68,"type":"ImageResizeKJ","pos":[-300,1100],"size":[260,240],"flags":{},"order":21,"mode":0,"inputs":[{"name":"image","type":"IMAGE","link":89},{"name":"get_image_size","type":"IMAGE","link":null,"shape":7},{"name":"width_input","type":"INT","link":96,"widget":{"name":"width_input"},"shape":7},{"name":"height_input","type":"INT","link":98,"widget":{"name":"height_input"},"shape":7}],"outputs":[{"name":"IMAGE","type":"IMAGE","links":[92],"slot_index":0},{"name":"width","type":"INT","links":null},{"name":"height","type":"INT","links":null}],"properties":{"Node name for S&R":"ImageResizeKJ"},"widgets_values":[1024,1024,"nearest-exact",false,2,0,0,"disabled"],"shape":1},{"id":69,"type":"ImageResizeKJ","pos":[-300,810],"size":[260,240],"flags":{},"order":23,"mode":0,"inputs":[{"name":"image","type":"IMAGE","link":90},{"name":"get_image_size","type":"IMAGE","link":null,"shape":7},{"name":"width_input","type":"INT","link":95,"widget":{"name":"width_input"},"shape":7},{"name":"height_input","type":"INT","link":97,"widget":{"name":"height_input"},"shape":7}],"outputs":[{"name":"IMAGE","type":"IMAGE","links":[91],"slot_index":0},{"name":"width","type":"INT","links":null},{"name":"height","type":"INT","links":null}],"properties":{"Node name for S&R":"ImageResizeKJ"},"widgets_values":[1024,1024,"nearest-exact",false,2,0,0,"disabled"],"shape":1},{"id":70,"type":"Int-🔬","pos":[-570,860],"size":[210,60],"flags":{"collapsed":false},"order":8,"mode":0,"inputs":[],"outputs":[{"name":"INT","type":"INT","links":[93,95,96,101],"slot_index":0}],"title":"Width","properties":{"Node name for S&R":"Int-🔬"},"widgets_values":[1024],"color":"#223","bgcolor":"#335","shape":1},{"id":71,"type":"Int-🔬","pos":[-570,750],"size":[210,60],"flags":{"collapsed":false},"order":9,"mode":0,"inputs":[],"outputs":[{"name":"INT","type":"INT","links":[94,97,98,102],"slot_index":0}],"title":"Height","properties":{"Node name for S&R":"Int-🔬"},"widgets_values":[1024],"color":"#223","bgcolor":"#335","shape":1},{"id":28,"type":"ThreeView","pos":[10,40],"size":[545.36962890625,685.36962890625],"flags":{},"order":10,"mode":0,"inputs":[],"outputs":[{"name":"image","type":"IMAGE","links":[19,32,33],"slot_index":0},{"name":"lines","type":"IMAGE","links":[69,89],"slot_index":1},{"name":"depth","type":"IMAGE","links":[70,90],"slot_index":2}],"title":"ThreeView [1024x1024]","properties":{"Node name for S&R":"ThreeView"},"widgets_values":["ThreeView28-2024_11_25_image.png,ThreeView28-2024_11_25_lines.png,ThreeView28-2024_11_25_depth.png","panelWidgetValue",{"size":{"w":1024,"h":1024,"r":1,"offset":10}}],"shape":1}],"links":[[14,25,0,26,1,"MODEL"],[15,24,0,25,0,"MODEL"],[16,23,0,25,1,"CLIP"],[17,22,0,26,3,"VAE"],[18,25,1,26,2,"CLIP"],[19,28,0,21,0,"IMAGE"],[20,31,0,30,0,"IMAGE"],[31,37,0,38,0,"IMAGE"],[32,28,0,31,0,"IMAGE"],[33,28,0,37,0,"IMAGE"],[34,41,0,42,1,"STRING"],[36,23,0,39,0,"CLIP"],[37,23,0,42,0,"CLIP"],[40,42,0,26,5,"CONDITIONING"],[41,26,0,44,0,"BUS"],[46,44,0,45,0,"BUS"],[47,47,0,46,0,"LATENT"],[49,48,0,47,2,"SAMPLER"],[50,49,0,47,3,"SIGMAS"],[53,46,0,52,0,"IMAGE"],[54,45,3,46,1,"VAE"],[55,45,4,53,1,"CONDITIONING"],[56,45,5,53,2,"CONDITIONING"],[57,45,1,53,0,"MODEL"],[58,53,0,47,1,"GUIDER"],[59,54,0,47,0,"NOISE"],[60,55,0,47,4,"LATENT"],[61,45,1,51,0,"MODEL"],[62,45,1,49,0,"MODEL"],[63,45,5,53,3,"CONDITIONING"],[64,40,0,39,1,"STRING"],[65,39,0,26,4,"CONDITIONING"],[69,28,1,61,0,"IMAGE"],[70,28,2,62,0,"IMAGE"],[71,63,0,64,0,"CONDITIONING"],[72,63,1,64,1,"CONDITIONING"],[73,44,4,63,0,"CONDITIONING"],[74,44,5,63,1,"CONDITIONING"],[75,64,0,45,4,"CONDITIONING"],[76,64,1,45,5,"CONDITIONING"],[81,65,0,66,0,"CONTROL_NET"],[82,66,0,63,2,"CONTROL_NET"],[83,65,0,67,0,"CONTROL_NET"],[84,67,0,64,2,"CONTROL_NET"],[87,44,3,63,4,"VAE"],[88,44,3,64,4,"VAE"],[89,28,1,68,0,"IMAGE"],[90,28,2,69,0,"IMAGE"],[91,69,0,63,3,"IMAGE"],[92,68,0,64,3,"IMAGE"],[93,70,0,55,0,"INT"],[94,71,0,55,1,"INT"],[95,70,0,69,2,"INT"],[96,70,0,68,2,"INT"],[97,71,0,69,3,"INT"],[98,71,0,68,3,"INT"],[101,70,0,51,1,"INT"],[102,71,0,51,2,"INT"]],"groups":[{"id":2,"title":"render","bounding":[968.333251953125,793.763916015625,630,710],"color":"#444","font_size":24,"flags":{}},{"id":3,"title":"ControlNet","bounding":[201.01052856445312,861.6431274414062,460,473.6000061035156],"color":"#8AA","font_size":24,"flags":{}},{"id":4,"title":"Generate Depth / Lines","bounding":[600.21142578125,-468.670654296875,455.7981872558594,446.5205078125],"color":"#444","font_size":24,"flags":{}}],"config":{},"extra":{"ds":{"scale":1.1671841070450013,"offset":[655.5813443030986,348.7378320300581]},"workspace_info":{"id":"f4yTyji7YUxkDPGBuO31F","saveLock":false,"cloudID":null,"coverMediaPath":null}},"version":0.4}